Workbook

Sheet Daily Tracker
A1: Date | B1: 🌅 Wake Up 5 AM | C1: 🏃 Exercise | D1: 🧘 Meditation | E1: 📚 Read Books | F1: 💧 2L Water | G1: 🚫 No Reels | H1: 💻 SQL Practice | I1: 🐍 Python Practice | J1: ☁️ Azure/Databricks | K1: 📝 Journaling | L1: ⭐ Daily Score %
A2: 46176 | L2: =COUNTIF(B2:K2,"Yes")/10
A3: 46177 | L3: =COUNTIF(B3:K3,"Yes")/10
A4: 46178 | L4: =COUNTIF(B4:K4,"Yes")/10
A5: 46179 | L5: =COUNTIF(B5:K5,"Yes")/10
A6: 46180 | L6: =COUNTIF(B6:K6,"Yes")/10
A7: 46181 | L7: =COUNTIF(B7:K7,"Yes")/10
A8: 46182 | L8: =COUNTIF(B8:K8,"Yes")/10
A9: 46183 | L9: =COUNTIF(B9:K9,"Yes")/10
A10: 46184 | L10: =COUNTIF(B10:K10,"Yes")/10
A11: 46185 | L11: =COUNTIF(B11:K11,"Yes")/10
A12: 46186 | L12: =COUNTIF(B12:K12,"Yes")/10
A13: 46187 | L13: =COUNTIF(B13:K13,"Yes")/10
... A366: 46540 | L366: =COUNTIF(B366:K366,"Yes")/10

Sheet Dashboard
A1: 🎯 1-Year Personal & Professional Development Dashboard
A3: Habit | B3: Progress %
A4: Wake Up 5 AM | B4: =COUNTIF('Daily Tracker'!B2:B366,"Yes")/365
A5: Exercise | B5: =COUNTIF('Daily Tracker'!C2:C366,"Yes")/365
A6: Meditation | B6: =COUNTIF('Daily Tracker'!D2:D366,"Yes")/365
A7: Read Books | B7: =COUNTIF('Daily Tracker'!E2:E366,"Yes")/365
A8: 2L Water | B8: =COUNTIF('Daily Tracker'!F2:F366,"Yes")/365
A9: No Reels | B9: =COUNTIF('Daily Tracker'!G2:G366,"Yes")/365
A10: SQL Practice | B10: =COUNTIF('Daily Tracker'!H2:H366,"Yes")/365
A11: Python Practice | B11: =COUNTIF('Daily Tracker'!I2:I366,"Yes")/365
A12: Azure/Databricks | B12: =COUNTIF('Daily Tracker'!J2:J366,"Yes")/365
A13: Journaling | B13: =COUNTIF('Daily Tracker'!K2:K366,"Yes")/365
